element,level,classification,source,sha256,retrieved_at,capture_method
securityAdmin,person,Reference choice,https://docs.cyberark.com/pam-self-hosted/latest/en/content/pas%20inst/installationoverview.htm,6a0621e38fd4177824c4e09e6b8e0671dcc30eb7a5fb5b478b813c7e1b287a91,2026-09-18T22:15:50.827187+00:00,Web reader text excerpt; direct HTTP returned 404
managedTarget,softwareSystem,Reference choice,https://docs.cyberark.com/pam-self-hosted/latest/en/content/pas%20inst/installationoverview.htm,6a0621e38fd4177824c4e09e6b8e0671dcc30eb7a5fb5b478b813c7e1b287a91,2026-09-18T22:15:50.827187+00:00,Web reader text excerpt; direct HTTP returned 404
azureManagement,softwareSystem,External integration boundary,https://learn.microsoft.com/en-us/azure/key-vault/managed-hsm/access-control,ad2692cf94269baf3964a5f80269bb16acee0124a021396b42e70a6c93fe1655,2026-09-18T22:15:50.423910+00:00,Direct HTTP document snapshot
keycloak,softwareSystem,Documented product capability,https://www.keycloak.org/docs/latest/server_admin/index.html,ce87c66f5f1a887ffb22ea24313a0668a58b73cc5ebf51f5497ac6d84a41af84,2026-09-18T22:15:50.042698+00:00,Direct HTTP document snapshot
keycloak.server,container,Documented product capability,https://www.keycloak.org/docs/latest/server_admin/index.html,ce87c66f5f1a887ffb22ea24313a0668a58b73cc5ebf51f5497ac6d84a41af84,2026-09-18T22:15:50.042698+00:00,Direct HTTP document snapshot
keycloak.database,container,Documented product capability,https://www.keycloak.org/server/db,9e6f0eed2218d84f8f6098b9d47cfcc2b8c4ff591acf9e5d933110f0b3e6470d,2026-09-18T22:15:50.202134+00:00,Direct HTTP document snapshot
keycloak.server.endpoints,component,Documented product capability,https://www.keycloak.org/docs/latest/server_admin/index.html,ce87c66f5f1a887ffb22ea24313a0668a58b73cc5ebf51f5497ac6d84a41af84,2026-09-18T22:15:50.042698+00:00,Direct HTTP document snapshot
keycloak.server.authentication,component,Documented product capability,https://www.keycloak.org/docs/latest/server_admin/index.html,ce87c66f5f1a887ffb22ea24313a0668a58b73cc5ebf51f5497ac6d84a41af84,2026-09-18T22:15:50.042698+00:00,Direct HTTP document snapshot
keycloak.server.broker,component,Documented product capability,https://www.keycloak.org/docs/latest/server_admin/index.html,ce87c66f5f1a887ffb22ea24313a0668a58b73cc5ebf51f5497ac6d84a41af84,2026-09-18T22:15:50.042698+00:00,Direct HTTP document snapshot
keycloak.server.ldap,component,Documented product capability,https://www.keycloak.org/docs/latest/server_admin/index.html,ce87c66f5f1a887ffb22ea24313a0668a58b73cc5ebf51f5497ac6d84a41af84,2026-09-18T22:15:50.042698+00:00,Direct HTTP document snapshot
keycloak.server.tokens,component,Documented product capability,https://www.keycloak.org/docs/latest/server_admin/index.html,ce87c66f5f1a887ffb22ea24313a0668a58b73cc5ebf51f5497ac6d84a41af84,2026-09-18T22:15:50.042698+00:00,Direct HTTP document snapshot
keycloak.server.admin,component,Documented product capability,https://www.keycloak.org/docs/latest/server_admin/index.html,ce87c66f5f1a887ffb22ea24313a0668a58b73cc5ebf51f5497ac6d84a41af84,2026-09-18T22:15:50.042698+00:00,Direct HTTP document snapshot
keycloak.server.sessions,component,Documented product capability,https://www.keycloak.org/docs/latest/server_admin/index.html,ce87c66f5f1a887ffb22ea24313a0668a58b73cc5ebf51f5497ac6d84a41af84,2026-09-18T22:15:50.042698+00:00,Direct HTTP document snapshot
keycloak.server.persistence,component,Documented product capability,https://www.keycloak.org/docs/latest/server_admin/index.html,ce87c66f5f1a887ffb22ea24313a0668a58b73cc5ebf51f5497ac6d84a41af84,2026-09-18T22:15:50.042698+00:00,Direct HTTP document snapshot
managedHsm,softwareSystem,Documented product capability,https://learn.microsoft.com/en-us/azure/key-vault/managed-hsm/access-control,ad2692cf94269baf3964a5f80269bb16acee0124a021396b42e70a6c93fe1655,2026-09-18T22:15:50.423910+00:00,Direct HTTP document snapshot
managedHsm.service,container,Logical reference abstraction,https://learn.microsoft.com/en-us/azure/key-vault/managed-hsm/access-control,ad2692cf94269baf3964a5f80269bb16acee0124a021396b42e70a6c93fe1655,2026-09-18T22:15:50.423910+00:00,Direct HTTP document snapshot
managedHsm.keys,container,Logical reference abstraction,https://learn.microsoft.com/en-us/azure/key-vault/managed-hsm/about-keys-details,91bc8fcb945dddc9a31a92748a2f4e4c4aabf4458c02e1df33d544c93456b367,2026-09-18T22:15:50.658023+00:00,Direct HTTP document snapshot
managedHsm.service.api,component,Logical reference abstraction,https://learn.microsoft.com/en-us/azure/key-vault/managed-hsm/access-control,ad2692cf94269baf3964a5f80269bb16acee0124a021396b42e70a6c93fe1655,2026-09-18T22:15:50.423910+00:00,Direct HTTP document snapshot
managedHsm.service.authentication,component,Logical reference abstraction,https://learn.microsoft.com/en-us/azure/key-vault/managed-hsm/access-control,ad2692cf94269baf3964a5f80269bb16acee0124a021396b42e70a6c93fe1655,2026-09-18T22:15:50.423910+00:00,Direct HTTP document snapshot
managedHsm.service.authorization,component,Logical reference abstraction,https://learn.microsoft.com/en-us/azure/key-vault/managed-hsm/access-control,ad2692cf94269baf3964a5f80269bb16acee0124a021396b42e70a6c93fe1655,2026-09-18T22:15:50.423910+00:00,Direct HTTP document snapshot
managedHsm.service.lifecycle,component,Logical reference abstraction,https://learn.microsoft.com/en-us/azure/key-vault/managed-hsm/access-control,ad2692cf94269baf3964a5f80269bb16acee0124a021396b42e70a6c93fe1655,2026-09-18T22:15:50.423910+00:00,Direct HTTP document snapshot
managedHsm.service.crypto,component,Logical reference abstraction,https://learn.microsoft.com/en-us/azure/key-vault/managed-hsm/access-control,ad2692cf94269baf3964a5f80269bb16acee0124a021396b42e70a6c93fe1655,2026-09-18T22:15:50.423910+00:00,Direct HTTP document snapshot
managedHsm.service.audit,component,Logical reference abstraction,https://learn.microsoft.com/en-us/azure/key-vault/managed-hsm/access-control,ad2692cf94269baf3964a5f80269bb16acee0124a021396b42e70a6c93fe1655,2026-09-18T22:15:50.423910+00:00,Direct HTTP document snapshot
cyberarkPam,softwareSystem,Documented product capability,https://docs.cyberark.com/pam-self-hosted/latest/en/content/pas%20inst/installationoverview.htm,6a0621e38fd4177824c4e09e6b8e0671dcc30eb7a5fb5b478b813c7e1b287a91,2026-09-18T22:15:50.827187+00:00,Web reader text excerpt; direct HTTP returned 404
cyberarkPam.vault,container,Documented product capability,https://docs.cyberark.com/pam-self-hosted/latest/en/content/pas%20inst/installationoverview.htm,6a0621e38fd4177824c4e09e6b8e0671dcc30eb7a5fb5b478b813c7e1b287a91,2026-09-18T22:15:50.827187+00:00,Web reader text excerpt; direct HTTP returned 404
cyberarkPam.pvwa,container,Documented product capability,https://docs.cyberark.com/pam-self-hosted/latest/en/content/pas%20inst/installationoverview.htm,6a0621e38fd4177824c4e09e6b8e0671dcc30eb7a5fb5b478b813c7e1b287a91,2026-09-18T22:15:50.827187+00:00,Web reader text excerpt; direct HTTP returned 404
cyberarkPam.cpm,container,Documented product capability,https://docs.cyberark.com/pam-self-hosted/latest/en/content/pas%20inst/installationoverview.htm,6a0621e38fd4177824c4e09e6b8e0671dcc30eb7a5fb5b478b813c7e1b287a91,2026-09-18T22:15:50.827187+00:00,Web reader text excerpt; direct HTTP returned 404
cyberarkPam.psm,container,Documented product capability,https://docs.cyberark.com/pam-self-hosted/latest/en/content/pas%20inst/installationoverview.htm,6a0621e38fd4177824c4e09e6b8e0671dcc30eb7a5fb5b478b813c7e1b287a91,2026-09-18T22:15:50.827187+00:00,Web reader text excerpt; direct HTTP returned 404
cyberarkPam.vault.access,component,Logical reference abstraction,https://docs.cyberark.com/pam-self-hosted/latest/en/content/pas%20inst/installationoverview.htm,6a0621e38fd4177824c4e09e6b8e0671dcc30eb7a5fb5b478b813c7e1b287a91,2026-09-18T22:15:50.827187+00:00,Web reader text excerpt; direct HTTP returned 404
cyberarkPam.vault.policy,component,Logical reference abstraction,https://docs.cyberark.com/pam-self-hosted/latest/en/content/pas%20inst/installationoverview.htm,6a0621e38fd4177824c4e09e6b8e0671dcc30eb7a5fb5b478b813c7e1b287a91,2026-09-18T22:15:50.827187+00:00,Web reader text excerpt; direct HTTP returned 404
cyberarkPam.vault.storage,component,Logical reference abstraction,https://docs.cyberark.com/pam-self-hosted/latest/en/content/pas%20inst/installationoverview.htm,6a0621e38fd4177824c4e09e6b8e0671dcc30eb7a5fb5b478b813c7e1b287a91,2026-09-18T22:15:50.827187+00:00,Web reader text excerpt; direct HTTP returned 404
cyberarkPam.vault.audit,component,Logical reference abstraction,https://docs.cyberark.com/pam-self-hosted/latest/en/content/pas%20inst/installationoverview.htm,6a0621e38fd4177824c4e09e6b8e0671dcc30eb7a5fb5b478b813c7e1b287a91,2026-09-18T22:15:50.827187+00:00,Web reader text excerpt; direct HTTP returned 404
cyberarkPam.pvwa.portal,component,Logical reference abstraction,https://docs.cyberark.com/pam-self-hosted/latest/en/content/pas%20inst/installationoverview.htm,6a0621e38fd4177824c4e09e6b8e0671dcc30eb7a5fb5b478b813c7e1b287a91,2026-09-18T22:15:50.827187+00:00,Web reader text excerpt; direct HTTP returned 404
cyberarkPam.pvwa.approval,component,Logical reference abstraction,https://docs.cyberark.com/pam-self-hosted/latest/en/content/pas%20inst/installationoverview.htm,6a0621e38fd4177824c4e09e6b8e0671dcc30eb7a5fb5b478b813c7e1b287a91,2026-09-18T22:15:50.827187+00:00,Web reader text excerpt; direct HTTP returned 404
cyberarkPam.pvwa.vaultClient,component,Logical reference abstraction,https://docs.cyberark.com/pam-self-hosted/latest/en/content/pas%20inst/installationoverview.htm,6a0621e38fd4177824c4e09e6b8e0671dcc30eb7a5fb5b478b813c7e1b287a91,2026-09-18T22:15:50.827187+00:00,Web reader text excerpt; direct HTTP returned 404
cyberarkPam.pvwa.sessions,component,Logical reference abstraction,https://docs.cyberark.com/pam-self-hosted/latest/en/content/pas%20inst/installationoverview.htm,6a0621e38fd4177824c4e09e6b8e0671dcc30eb7a5fb5b478b813c7e1b287a91,2026-09-18T22:15:50.827187+00:00,Web reader text excerpt; direct HTTP returned 404
cyberarkPam.cpm.scheduler,component,Logical reference abstraction,https://docs.cyberark.com/pam-self-hosted/latest/en/content/pas%20inst/installationoverview.htm,6a0621e38fd4177824c4e09e6b8e0671dcc30eb7a5fb5b478b813c7e1b287a91,2026-09-18T22:15:50.827187+00:00,Web reader text excerpt; direct HTTP returned 404
cyberarkPam.cpm.rotation,component,Logical reference abstraction,https://docs.cyberark.com/pam-self-hosted/latest/en/content/pas%20inst/installationoverview.htm,6a0621e38fd4177824c4e09e6b8e0671dcc30eb7a5fb5b478b813c7e1b287a91,2026-09-18T22:15:50.827187+00:00,Web reader text excerpt; direct HTTP returned 404
cyberarkPam.cpm.target,component,Logical reference abstraction,https://docs.cyberark.com/pam-self-hosted/latest/en/content/pas%20inst/installationoverview.htm,6a0621e38fd4177824c4e09e6b8e0671dcc30eb7a5fb5b478b813c7e1b287a91,2026-09-18T22:15:50.827187+00:00,Web reader text excerpt; direct HTTP returned 404
cyberarkPam.cpm.vaultClient,component,Logical reference abstraction,https://docs.cyberark.com/pam-self-hosted/latest/en/content/pas%20inst/installationoverview.htm,6a0621e38fd4177824c4e09e6b8e0671dcc30eb7a5fb5b478b813c7e1b287a91,2026-09-18T22:15:50.827187+00:00,Web reader text excerpt; direct HTTP returned 404
cyberarkPam.psm.broker,component,Logical reference abstraction,https://docs.cyberark.com/pam-self-hosted/latest/en/content/pas%20inst/installationoverview.htm,6a0621e38fd4177824c4e09e6b8e0671dcc30eb7a5fb5b478b813c7e1b287a91,2026-09-18T22:15:50.827187+00:00,Web reader text excerpt; direct HTTP returned 404
cyberarkPam.psm.target,component,Logical reference abstraction,https://docs.cyberark.com/pam-self-hosted/latest/en/content/pas%20inst/installationoverview.htm,6a0621e38fd4177824c4e09e6b8e0671dcc30eb7a5fb5b478b813c7e1b287a91,2026-09-18T22:15:50.827187+00:00,Web reader text excerpt; direct HTTP returned 404
cyberarkPam.psm.recorder,component,Logical reference abstraction,https://docs.cyberark.com/pam-self-hosted/latest/en/content/pas%20inst/installationoverview.htm,6a0621e38fd4177824c4e09e6b8e0671dcc30eb7a5fb5b478b813c7e1b287a91,2026-09-18T22:15:50.827187+00:00,Web reader text excerpt; direct HTTP returned 404
conjur,softwareSystem,Documented product capability,https://docs.cyberark.com/secrets-manager-sh/latest/en/content/resources/_topnav/cc_home.htm,42f1cd43bcd2d4a8c59fa581c415f86fa13b1ef8ccff14cdc551feeb16241a92,2026-09-18T22:15:50.936919+00:00,Web reader text excerpt; direct HTTP returned 404
conjur.service,container,Logical reference abstraction,https://docs.cyberark.com/secrets-manager-sh/latest/en/content/resources/_topnav/cc_home.htm,42f1cd43bcd2d4a8c59fa581c415f86fa13b1ef8ccff14cdc551feeb16241a92,2026-09-18T22:15:50.936919+00:00,Web reader text excerpt; direct HTTP returned 404
conjur.store,container,Logical reference abstraction,https://docs.cyberark.com/secrets-manager-sh/latest/en/content/resources/_topnav/cc_home.htm,42f1cd43bcd2d4a8c59fa581c415f86fa13b1ef8ccff14cdc551feeb16241a92,2026-09-18T22:15:50.936919+00:00,Web reader text excerpt; direct HTTP returned 404
conjur.synchronizer,container,Documented product capability,https://docs.cyberark.com/secrets-manager-sh/latest/en/content/conjur/cv_synchronizer-lp.htm,e911448c310c2262dfde5c4648ed9e4257cdf40226f18460adb901f11d89f564,2026-09-18T22:15:51.064533+00:00,Web reader text excerpt; direct HTTP returned 404
conjur.service.api,component,Logical reference abstraction,https://docs.cyberark.com/secrets-manager-sh/latest/en/content/resources/_topnav/cc_home.htm,42f1cd43bcd2d4a8c59fa581c415f86fa13b1ef8ccff14cdc551feeb16241a92,2026-09-18T22:15:50.936919+00:00,Web reader text excerpt; direct HTTP returned 404
conjur.service.authentication,component,Logical reference abstraction,https://docs.cyberark.com/secrets-manager-sh/latest/en/content/resources/_topnav/cc_home.htm,42f1cd43bcd2d4a8c59fa581c415f86fa13b1ef8ccff14cdc551feeb16241a92,2026-09-18T22:15:50.936919+00:00,Web reader text excerpt; direct HTTP returned 404
conjur.service.policy,component,Logical reference abstraction,https://docs.cyberark.com/secrets-manager-sh/latest/en/content/resources/_topnav/cc_home.htm,42f1cd43bcd2d4a8c59fa581c415f86fa13b1ef8ccff14cdc551feeb16241a92,2026-09-18T22:15:50.936919+00:00,Web reader text excerpt; direct HTTP returned 404
conjur.service.secrets,component,Logical reference abstraction,https://docs.cyberark.com/secrets-manager-sh/latest/en/content/resources/_topnav/cc_home.htm,42f1cd43bcd2d4a8c59fa581c415f86fa13b1ef8ccff14cdc551feeb16241a92,2026-09-18T22:15:50.936919+00:00,Web reader text excerpt; direct HTTP returned 404
conjur.service.audit,component,Logical reference abstraction,https://docs.cyberark.com/secrets-manager-sh/latest/en/content/resources/_topnav/cc_home.htm,42f1cd43bcd2d4a8c59fa581c415f86fa13b1ef8ccff14cdc551feeb16241a92,2026-09-18T22:15:50.936919+00:00,Web reader text excerpt; direct HTTP returned 404
conjur.synchronizer.reader,component,Logical reference abstraction,https://docs.cyberark.com/secrets-manager-sh/latest/en/content/conjur/cv_synchronizer-lp.htm,e911448c310c2262dfde5c4648ed9e4257cdf40226f18460adb901f11d89f564,2026-09-18T22:15:51.064533+00:00,Web reader text excerpt; direct HTTP returned 404
conjur.synchronizer.mapping,component,Logical reference abstraction,https://docs.cyberark.com/secrets-manager-sh/latest/en/content/conjur/cv_synchronizer-lp.htm,e911448c310c2262dfde5c4648ed9e4257cdf40226f18460adb901f11d89f564,2026-09-18T22:15:51.064533+00:00,Web reader text excerpt; direct HTTP returned 404
conjur.synchronizer.writer,component,Logical reference abstraction,https://docs.cyberark.com/secrets-manager-sh/latest/en/content/conjur/cv_synchronizer-lp.htm,e911448c310c2262dfde5c4648ed9e4257cdf40226f18460adb901f11d89f564,2026-09-18T22:15:51.064533+00:00,Web reader text excerpt; direct HTTP returned 404
entraId,softwareSystem,Documented product capability,https://learn.microsoft.com/en-us/entra/architecture/architecture,03c14d79d6d3c6944ce9f1a6de19e2176b827847f33d9f1eaef25e32bf561862,2026-09-18T22:15:51.386458+00:00,Direct HTTP document snapshot
entraId.authentication,container,Logical reference abstraction,https://learn.microsoft.com/en-us/entra/identity-platform/v2-protocols-oidc,d04152c39a3a2263d5a0400a61db1e7f244646be5335fe98a2c81b5043df3d7f,2026-09-18T22:15:51.747056+00:00,Direct HTTP document snapshot
entraId.directory,container,Logical reference abstraction,https://learn.microsoft.com/en-us/entra/architecture/architecture,03c14d79d6d3c6944ce9f1a6de19e2176b827847f33d9f1eaef25e32bf561862,2026-09-18T22:15:51.386458+00:00,Direct HTTP document snapshot
entraId.provisioning,container,Logical reference abstraction,https://learn.microsoft.com/en-us/entra/identity/hybrid/cloud-sync/what-is-cloud-sync,5e9eeb26a2ba1462263f630c5a3a9c54cf0820c6a3040ac266912d8247ba8eab,2026-09-18T22:15:52.052730+00:00,Direct HTTP document snapshot
entraId.agent,container,Documented product capability,https://learn.microsoft.com/en-us/entra/identity/hybrid/cloud-sync/what-is-cloud-sync,5e9eeb26a2ba1462263f630c5a3a9c54cf0820c6a3040ac266912d8247ba8eab,2026-09-18T22:15:52.052730+00:00,Direct HTTP document snapshot
entraId.authentication.endpoints,component,Logical reference abstraction,https://learn.microsoft.com/en-us/entra/identity-platform/v2-protocols-oidc,d04152c39a3a2263d5a0400a61db1e7f244646be5335fe98a2c81b5043df3d7f,2026-09-18T22:15:51.747056+00:00,Direct HTTP document snapshot
entraId.authentication.credentials,component,Logical reference abstraction,https://learn.microsoft.com/en-us/entra/identity-platform/v2-protocols-oidc,d04152c39a3a2263d5a0400a61db1e7f244646be5335fe98a2c81b5043df3d7f,2026-09-18T22:15:51.747056+00:00,Direct HTTP document snapshot
entraId.authentication.policy,component,Logical reference abstraction,https://learn.microsoft.com/en-us/entra/identity-platform/v2-protocols-oidc,d04152c39a3a2263d5a0400a61db1e7f244646be5335fe98a2c81b5043df3d7f,2026-09-18T22:15:51.747056+00:00,Direct HTTP document snapshot
entraId.authentication.tokens,component,Logical reference abstraction,https://learn.microsoft.com/en-us/entra/identity-platform/v2-protocols-oidc,d04152c39a3a2263d5a0400a61db1e7f244646be5335fe98a2c81b5043df3d7f,2026-09-18T22:15:51.747056+00:00,Direct HTTP document snapshot
entraId.directory.api,component,Logical reference abstraction,https://learn.microsoft.com/en-us/entra/architecture/architecture,03c14d79d6d3c6944ce9f1a6de19e2176b827847f33d9f1eaef25e32bf561862,2026-09-18T22:15:51.386458+00:00,Direct HTTP document snapshot
entraId.directory.authorization,component,Logical reference abstraction,https://learn.microsoft.com/en-us/entra/architecture/architecture,03c14d79d6d3c6944ce9f1a6de19e2176b827847f33d9f1eaef25e32bf561862,2026-09-18T22:15:51.386458+00:00,Direct HTTP document snapshot
entraId.directory.records,component,Logical reference abstraction,https://learn.microsoft.com/en-us/entra/architecture/architecture,03c14d79d6d3c6944ce9f1a6de19e2176b827847f33d9f1eaef25e32bf561862,2026-09-18T22:15:51.386458+00:00,Direct HTTP document snapshot
entraId.provisioning.scheduler,component,Logical reference abstraction,https://learn.microsoft.com/en-us/entra/identity/hybrid/cloud-sync/what-is-cloud-sync,5e9eeb26a2ba1462263f630c5a3a9c54cf0820c6a3040ac266912d8247ba8eab,2026-09-18T22:15:52.052730+00:00,Direct HTTP document snapshot
entraId.provisioning.mapping,component,Logical reference abstraction,https://learn.microsoft.com/en-us/entra/identity/hybrid/cloud-sync/what-is-cloud-sync,5e9eeb26a2ba1462263f630c5a3a9c54cf0820c6a3040ac266912d8247ba8eab,2026-09-18T22:15:52.052730+00:00,Direct HTTP document snapshot
entraId.provisioning.writer,component,Logical reference abstraction,https://learn.microsoft.com/en-us/entra/identity/hybrid/cloud-sync/what-is-cloud-sync,5e9eeb26a2ba1462263f630c5a3a9c54cf0820c6a3040ac266912d8247ba8eab,2026-09-18T22:15:52.052730+00:00,Direct HTTP document snapshot
entraId.agent.channel,component,Logical reference abstraction,https://learn.microsoft.com/en-us/entra/identity/hybrid/cloud-sync/what-is-cloud-sync,5e9eeb26a2ba1462263f630c5a3a9c54cf0820c6a3040ac266912d8247ba8eab,2026-09-18T22:15:52.052730+00:00,Direct HTTP document snapshot
entraId.agent.directory,component,Logical reference abstraction,https://learn.microsoft.com/en-us/entra/identity/hybrid/cloud-sync/what-is-cloud-sync,5e9eeb26a2ba1462263f630c5a3a9c54cf0820c6a3040ac266912d8247ba8eab,2026-09-18T22:15:52.052730+00:00,Direct HTTP document snapshot
entraId.agent.response,component,Logical reference abstraction,https://learn.microsoft.com/en-us/entra/identity/hybrid/cloud-sync/what-is-cloud-sync,5e9eeb26a2ba1462263f630c5a3a9c54cf0820c6a3040ac266912d8247ba8eab,2026-09-18T22:15:52.052730+00:00,Direct HTTP document snapshot
adDs,softwareSystem,Documented product capability,https://learn.microsoft.com/en-us/windows-server/identity/ad-ds/get-started/virtual-dc/active-directory-domain-services-overview,a3cf89073c73c99a6d3905595600119e2fcbfafb2048b771e749d3edddd56ab0,2026-09-18T22:15:52.390384+00:00,Direct HTTP document snapshot
adDs.directory,container,Documented product capability,https://learn.microsoft.com/en-us/windows-server/identity/ad-ds/get-started/virtual-dc/active-directory-domain-services-overview,a3cf89073c73c99a6d3905595600119e2fcbfafb2048b771e749d3edddd56ab0,2026-09-18T22:15:52.390384+00:00,Direct HTTP document snapshot
adDs.database,container,Documented product capability,https://learn.microsoft.com/en-us/windows-server/identity/ad-ds/get-started/virtual-dc/active-directory-domain-services-overview,a3cf89073c73c99a6d3905595600119e2fcbfafb2048b771e749d3edddd56ab0,2026-09-18T22:15:52.390384+00:00,Direct HTTP document snapshot
adDs.sysvol,container,Documented product capability,https://learn.microsoft.com/en-us/windows-server/identity/ad-ds/get-started/virtual-dc/active-directory-domain-services-overview,a3cf89073c73c99a6d3905595600119e2fcbfafb2048b771e749d3edddd56ab0,2026-09-18T22:15:52.390384+00:00,Direct HTTP document snapshot
adDs.directory.ldap,component,Logical reference abstraction,https://learn.microsoft.com/en-us/windows-server/identity/ad-ds/get-started/virtual-dc/active-directory-domain-services-overview,a3cf89073c73c99a6d3905595600119e2fcbfafb2048b771e749d3edddd56ab0,2026-09-18T22:15:52.390384+00:00,Direct HTTP document snapshot
adDs.directory.kdc,component,Logical reference abstraction,https://learn.microsoft.com/en-us/windows-server/identity/ad-ds/get-started/virtual-dc/active-directory-domain-services-overview,a3cf89073c73c99a6d3905595600119e2fcbfafb2048b771e749d3edddd56ab0,2026-09-18T22:15:52.390384+00:00,Direct HTTP document snapshot
adDs.directory.access,component,Logical reference abstraction,https://learn.microsoft.com/en-us/windows-server/identity/ad-ds/get-started/virtual-dc/active-directory-domain-services-overview,a3cf89073c73c99a6d3905595600119e2fcbfafb2048b771e749d3edddd56ab0,2026-09-18T22:15:52.390384+00:00,Direct HTTP document snapshot
adDs.directory.persistence,component,Logical reference abstraction,https://learn.microsoft.com/en-us/windows-server/identity/ad-ds/get-started/virtual-dc/active-directory-domain-services-overview,a3cf89073c73c99a6d3905595600119e2fcbfafb2048b771e749d3edddd56ab0,2026-09-18T22:15:52.390384+00:00,Direct HTTP document snapshot
adDs.directory.replication,component,Logical reference abstraction,https://learn.microsoft.com/en-us/windows-server/identity/ad-ds/get-started/virtual-dc/active-directory-domain-services-overview,a3cf89073c73c99a6d3905595600119e2fcbfafb2048b771e749d3edddd56ab0,2026-09-18T22:15:52.390384+00:00,Direct HTTP document snapshot
adDs.directory.policy,component,Logical reference abstraction,https://learn.microsoft.com/en-us/windows-server/identity/ad-ds/get-started/virtual-dc/active-directory-domain-services-overview,a3cf89073c73c99a6d3905595600119e2fcbfafb2048b771e749d3edddd56ab0,2026-09-18T22:15:52.390384+00:00,Direct HTTP document snapshot
adFs,softwareSystem,Documented product capability,https://learn.microsoft.com/en-us/windows-server/identity/ad-fs/ad-fs-overview,0d5bfd1b8af15e99a015f12fe854e2d7b3d4ef58f1abd5aeeee9738fedf79c15,2026-09-18T22:15:52.688671+00:00,Direct HTTP document snapshot
adFs.service,container,Documented product capability,https://learn.microsoft.com/en-us/windows-server/identity/ad-fs/ad-fs-overview,0d5bfd1b8af15e99a015f12fe854e2d7b3d4ef58f1abd5aeeee9738fedf79c15,2026-09-18T22:15:52.688671+00:00,Direct HTTP document snapshot
adFs.configuration,container,Documented product capability,https://learn.microsoft.com/en-us/windows-server/identity/ad-fs/ad-fs-overview,0d5bfd1b8af15e99a015f12fe854e2d7b3d4ef58f1abd5aeeee9738fedf79c15,2026-09-18T22:15:52.688671+00:00,Direct HTTP document snapshot
adFs.service.endpoints,component,Logical reference abstraction,https://learn.microsoft.com/en-us/windows-server/identity/ad-fs/technical-reference/the-role-of-the-claims-engine,e2f35654d993488046a922b60f00b979cdc34d76bbcc312d9e112960e21c84f6,2026-09-18T22:15:53.124922+00:00,Direct HTTP document snapshot
adFs.service.authentication,component,Logical reference abstraction,https://learn.microsoft.com/en-us/windows-server/identity/ad-fs/technical-reference/the-role-of-the-claims-engine,e2f35654d993488046a922b60f00b979cdc34d76bbcc312d9e112960e21c84f6,2026-09-18T22:15:53.124922+00:00,Direct HTTP document snapshot
adFs.service.claims,component,Logical reference abstraction,https://learn.microsoft.com/en-us/windows-server/identity/ad-fs/technical-reference/the-role-of-the-claims-engine,e2f35654d993488046a922b60f00b979cdc34d76bbcc312d9e112960e21c84f6,2026-09-18T22:15:53.124922+00:00,Direct HTTP document snapshot
adFs.service.tokens,component,Logical reference abstraction,https://learn.microsoft.com/en-us/windows-server/identity/ad-fs/technical-reference/the-role-of-the-claims-engine,e2f35654d993488046a922b60f00b979cdc34d76bbcc312d9e112960e21c84f6,2026-09-18T22:15:53.124922+00:00,Direct HTTP document snapshot
adFs.service.configuration,component,Logical reference abstraction,https://learn.microsoft.com/en-us/windows-server/identity/ad-fs/technical-reference/the-role-of-the-claims-engine,e2f35654d993488046a922b60f00b979cdc34d76bbcc312d9e112960e21c84f6,2026-09-18T22:15:53.124922+00:00,Direct HTTP document snapshot
adFs.service.audit,component,Logical reference abstraction,https://learn.microsoft.com/en-us/windows-server/identity/ad-fs/technical-reference/the-role-of-the-claims-engine,e2f35654d993488046a922b60f00b979cdc34d76bbcc312d9e112960e21c84f6,2026-09-18T22:15:53.124922+00:00,Direct HTTP document snapshot
apps.hsmSigner,container,Proposed reference integration,https://learn.microsoft.com/en-us/azure/key-vault/managed-hsm/about-keys-details,91bc8fcb945dddc9a31a92748a2f4e4c4aabf4458c02e1df33d544c93456b367,2026-09-18T22:15:50.658023+00:00,Direct HTTP document snapshot
apps.hsmSigner.transactions,component,Proposed reference integration,https://ethereum.org/en/developers/docs/transactions/,fa51f2287f87125387e1add01d028ed8d077d646625367e0ee317655c477b4ac,2026-09-18T22:15:54.002044+00:00,Direct HTTP document snapshot
apps.hsmSigner.transactions,component,Proposed reference integration,https://learn.microsoft.com/en-us/azure/key-vault/managed-hsm/about-keys-details,91bc8fcb945dddc9a31a92748a2f4e4c4aabf4458c02e1df33d544c93456b367,2026-09-18T22:15:50.658023+00:00,Direct HTTP document snapshot
apps.hsmSigner.hsm,component,Proposed reference integration,https://ethereum.org/en/developers/docs/transactions/,fa51f2287f87125387e1add01d028ed8d077d646625367e0ee317655c477b4ac,2026-09-18T22:15:54.002044+00:00,Direct HTTP document snapshot
apps.hsmSigner.hsm,component,Proposed reference integration,https://learn.microsoft.com/en-us/azure/key-vault/managed-hsm/about-keys-details,91bc8fcb945dddc9a31a92748a2f4e4c4aabf4458c02e1df33d544c93456b367,2026-09-18T22:15:50.658023+00:00,Direct HTTP document snapshot
apps.hsmSigner.signature,component,Proposed reference integration,https://ethereum.org/en/developers/docs/transactions/,fa51f2287f87125387e1add01d028ed8d077d646625367e0ee317655c477b4ac,2026-09-18T22:15:54.002044+00:00,Direct HTTP document snapshot
apps.hsmSigner.signature,component,Proposed reference integration,https://learn.microsoft.com/en-us/azure/key-vault/managed-hsm/about-keys-details,91bc8fcb945dddc9a31a92748a2f4e4c4aabf4458c02e1df33d544c93456b367,2026-09-18T22:15:50.658023+00:00,Direct HTTP document snapshot
apps.hsmSigner.rpc,component,Proposed reference integration,https://ethereum.org/en/developers/docs/transactions/,fa51f2287f87125387e1add01d028ed8d077d646625367e0ee317655c477b4ac,2026-09-18T22:15:54.002044+00:00,Direct HTTP document snapshot
apps.hsmSigner.rpc,component,Proposed reference integration,https://learn.microsoft.com/en-us/azure/key-vault/managed-hsm/about-keys-details,91bc8fcb945dddc9a31a92748a2f4e4c4aabf4458c02e1df33d544c93456b367,2026-09-18T22:15:50.658023+00:00,Direct HTTP document snapshot
